index,is_safe,max_abs_diff_bound,timing
0,1,0.028636910021305084,12.616304636001587
