index,is_safe,max_abs_diff_bound,timing
0,0,0.4751206636428833,16.91453981399536
