index,is_safe,max_abs_diff_bound,timing
0,1,0.05683998763561249,17.85006093978882
