index,is_safe,max_abs_diff_bound,timing
0,0,0.2411559820175171,17.685939073562622
