index,is_safe,max_abs_diff_bound,timing
0,0,0.18599681556224823,12.706854343414307
