index,eps,timing,memory
0,0.20906250000000004,9.626142,778801664
1,0.24062499999999998,9.565897,778726912
