index,is_safe,max_abs_diff_bound,timing
0,0,0.141903817653656,17.292468070983887
