index,eps,timing,memory
0,0.20906250000000004,9.200925,778801664
1,0.24062499999999998,9.183481,778726912
2,0.21140625000000002,9.133226,778801664
3,0.23374999999999999,9.131166,778726912
4,0.18656250000000002,9.136291,778801664
5,0.19937500000000002,9.135054,778801664
6,0.14187500000000003,9.919926,778726912
7,0.231875,9.197099,778726912
