index,is_safe,max_abs_diff_bound,timing
0,1,0.07905824482440948,14.987367153167725
