index,eps,timing,memory
0,2.384185791015625e-09,12.665366,547531776
