index,is_safe,max_abs_diff_bound,timing
0,1,0.01706874370574951,10.963743925094604
