index,is_safe,max_abs_diff_bound,timing
0,1,0.04690033942461014,17.547377347946167
