index,is_safe,max_abs_diff_bound,timing
0,ERROR,0.028636910021305084,13.53335428237915
