index,is_safe,max_abs_diff_bound,timing
0,0,0.24529801309108734,17.80731439590454
