index,is_safe,max_abs_diff_bound,timing
0,0,0.1003856509923935,17.256121397018433
