index,is_safe,max_abs_diff_bound,timing
0,1,0.03951214998960495,16.87624740600586
