index,is_safe,max_abs_diff_bound,timing
0,0,0.21744275093078613,17.067323446273804
