index,is_safe,max_abs_diff_bound,timing
0,1,0.09512192010879517,124.33283591270447
