index,is_safe,max_abs_diff_bound,timing
0,0,0.328115314245224,14.393764972686768
