index,is_safe,max_abs_diff_bound,timing
0,0,0.11431564390659332,11.270209550857544
