index,is_safe,max_abs_diff_bound,timing
0,0,0.1993480771780014,16.75638484954834
