index,is_safe,max_abs_diff_bound,timing
0,0,0.19588515162467957,18.18869948387146
