index,is_safe,max_abs_diff_bound,timing
0,0,0.12492360174655914,18.142948627471924
