index,is_safe,max_abs_diff_bound,timing
0,0,0.3749275505542755,18.434452772140503
