index,is_safe,max_abs_diff_bound,timing
0,1,0.02819480374455452,14.880774021148682
