index,is_safe,max_abs_diff_bound,timing
0,1,0.017913134768605232,11.880773782730103
