index,is_safe,max_abs_diff_bound,timing
0,1,0.017913134768605232,12.429891347885132
