index,is_safe,max_abs_diff_bound,timing
0,1,0.030202357098460197,15.503239154815674
