index,is_safe,max_abs_diff_bound,timing
0,0,0.1830921769142151,17.37779974937439
