index,is_safe,max_abs_diff_bound,timing
0,0,0.10076536238193512,15.046131372451782
