index,is_safe,max_abs_diff_bound,timing
0,0,0.141903817653656,16.42949867248535
