index,is_safe,max_abs_diff_bound,timing
0,1,0.05649140104651451,14.083589315414429
